{
  "directional_accuracy": 0.5763534218590398,
  "cumulative_return": 1.7777720814627108e+18,
  "sharpe_ratio": 2.487346458982785
}