{
  "directional_accuracy": 0.633367451381781,
  "total_return": 3086462.0007649227,
  "sharpe_ratio": 6.715342926291398
}